{
	"display": {
		"icon": {
			"item": "minecraft:furnace",
			"nbt": "{CustomModelData: 9449900}"
		},
		"title": "Chest Looter",
		"description": "Loot 100 chests"
	},
	"criteria": {
		"requirement": {
			"trigger": "minecraft:item_used_on_block",
			"conditions": {
				"location": [
					{
						"condition": "minecraft:location_check",
						"predicate": {
							"block": {
								"blocks": [
									"minecraft:chest"
								]
							}
						}
					}
				],
				"player": [
					{
						"entity": "this",
						"condition": "entity_scores",
						"scores": {
							"mol.chest_looted" : {
								"min": 100
							}
						}
					}
				]
			}
		}
	},
	"parent": "minecraft:adventure/root"
}